name,age,skill_level,interests,course_type,duration
Student_1,18,Advanced,"Artificial Intelligence, Data Science",Interactive,Medium (1-3 months)
Student_2,18,Intermediate,"IoT, Cybersecurity",Project Based,Medium (1-3 months)
Student_3,21,Advanced,"IoT, Cybersecurity, Cloud Computing",Interactive,Long (3+ months)
Student_4,21,Intermediate,"Web Development, App Development",Project Based,Medium (1-3 months)
Student_5,27,Advanced,"Artificial Intelligence, Machine Learning",Theory Focused,Long (3+ months)
Student_6,26,Advanced,"Data Science, Artificial Intelligence, Machine Learning",Interactive,Medium (1-3 months)
Student_7,19,Intermediate,"Machine Learning, Artificial Intelligence",Interactive,Long (3+ months)
Student_8,23,Intermediate,"Cloud Computing, App Development",Project Based,Short (< 4 weeks)
Student_9,20,Intermediate,"App Development, Web Development, Cloud Computing",Project Based,Short (< 4 weeks)
Student_10,23,Advanced,"Artificial Intelligence, Data Science, Machine Learning",Interactive,Long (3+ months)
Student_11,28,Advanced,"Cloud Computing, IoT",Project Based,Long (3+ months)
Student_12,27,Advanced,"IoT, Cybersecurity, Cloud Computing",Project Based,Medium (1-3 months)
Student_13,20,Intermediate,"Data Science, Artificial Intelligence, Machine Learning",Project Based,Long (3+ months)
Student_14,26,Intermediate,"Artificial Intelligence, Machine Learning",Interactive,Medium (1-3 months)
Student_15,24,Intermediate,"Data Science, Machine Learning, Artificial Intelligence",Theory Focused,Long (3+ months)
Student_16,20,Intermediate,"Cloud Computing, Web Development",Video Courses,Medium (1-3 months)
Student_17,19,Advanced,"Artificial Intelligence, Data Science, Machine Learning",Interactive,Medium (1-3 months)
Student_18,19,Intermediate,"Cybersecurity, Cloud Computing",Project Based,Long (3+ months)
Student_19,21,Intermediate,"Cloud Computing, Cybersecurity, IoT",Interactive,Medium (1-3 months)
Student_20,21,Beginner,"Web Development, Cloud Computing, App Development",Project Based,Short (< 4 weeks)
Student_21,21,Intermediate,"Machine Learning, Artificial Intelligence",Interactive,Long (3+ months)
Student_22,21,Intermediate,"IoT, Cloud Computing, Cybersecurity",Project Based,Medium (1-3 months)
Student_23,28,Advanced,"Machine Learning, Data Science, Artificial Intelligence",Interactive,Medium (1-3 months)
Student_24,24,Advanced,"Artificial Intelligence, Data Science",Interactive,Long (3+ months)
Student_25,24,Beginner,"App Development, Web Development, Cloud Computing",Video Courses,Short (< 4 weeks)
Student_26,28,Intermediate,"Artificial Intelligence, Data Science",Project Based,Long (3+ months)
Student_27,21,Advanced,"IoT, Cloud Computing",Project Based,Long (3+ months)
Student_28,25,Advanced,"Artificial Intelligence, Machine Learning, Data Science",Theory Focused,Long (3+ months)
Student_29,18,Beginner,"Web Development, Cloud Computing, App Development",Project Based,Short (< 4 weeks)
Student_30,20,Intermediate,"Data Science, Artificial Intelligence",Project Based,Medium (1-3 months)
Student_31,27,Beginner,"App Development, Cloud Computing",Video Courses,Short (< 4 weeks)
Student_32,21,Advanced,"Data Science, Machine Learning, Artificial Intelligence",Interactive,Medium (1-3 months)
Student_33,25,Intermediate,"Data Science, Artificial Intelligence",Project Based,Medium (1-3 months)
Student_34,19,Intermediate,"Machine Learning, Data Science, Artificial Intelligence",Interactive,Medium (1-3 months)
Student_35,28,Intermediate,"Machine Learning, Data Science",Theory Focused,Medium (1-3 months)
Student_36,22,Intermediate,"Data Science, Machine Learning, Artificial Intelligence",Interactive,Medium (1-3 months)
Student_37,28,Advanced,"Artificial Intelligence, Data Science, Machine Learning",Interactive,Long (3+ months)
Student_38,25,Intermediate,"Web Development, Cloud Computing",Project Based,Short (< 4 weeks)
Student_39,27,Intermediate,"Data Science, Artificial Intelligence, Machine Learning",Interactive,Medium (1-3 months)
Student_40,21,Intermediate,"Machine Learning, Artificial Intelligence",Theory Focused,Medium (1-3 months)
Student_41,20,Intermediate,"Web Development, App Development",Video Courses,Short (< 4 weeks)
Student_42,20,Intermediate,"Data Science, Machine Learning, Artificial Intelligence",Theory Focused,Long (3+ months)
Student_43,22,Intermediate,"Data Science, Artificial Intelligence",Interactive,Long (3+ months)
Student_44,19,Advanced,"Artificial Intelligence, Machine Learning, Data Science",Theory Focused,Medium (1-3 months)
Student_45,20,Advanced,"Data Science, Machine Learning",Interactive,Long (3+ months)
Student_46,27,Intermediate,"Cybersecurity, IoT, Cloud Computing",Project Based,Long (3+ months)
Student_47,26,Intermediate,"Machine Learning, Artificial Intelligence, Data Science",Project Based,Medium (1-3 months)
Student_48,26,Advanced,"Machine Learning, Artificial Intelligence, Data Science",Theory Focused,Medium (1-3 months)
Student_49,28,Advanced,"Cybersecurity, Cloud Computing",Interactive,Medium (1-3 months)
Student_50,22,Intermediate,"Artificial Intelligence, Machine Learning, Data Science",Interactive,Long (3+ months)
Student_51,26,Intermediate,"Cloud Computing, Web Development",Video Courses,Medium (1-3 months)
Student_52,21,Advanced,"Artificial Intelligence, Data Science",Interactive,Medium (1-3 months)
Student_53,25,Beginner,"App Development, Web Development, Cloud Computing",Video Courses,Medium (1-3 months)
Student_54,20,Beginner,"App Development, Web Development",Project Based,Medium (1-3 months)
Student_55,26,Intermediate,"Machine Learning, Artificial Intelligence",Project Based,Long (3+ months)
Student_56,27,Advanced,"IoT, Cloud Computing, Cybersecurity",Interactive,Medium (1-3 months)
Student_57,26,Advanced,"Machine Learning, Artificial Intelligence",Theory Focused,Long (3+ months)
Student_58,22,Intermediate,"Cloud Computing, Web Development, App Development",Project Based,Short (< 4 weeks)
Student_59,20,Intermediate,"Cloud Computing, Cybersecurity",Interactive,Long (3+ months)
Student_60,18,Intermediate,"Cloud Computing, IoT, Cybersecurity",Interactive,Medium (1-3 months)
Student_61,22,Advanced,"Artificial Intelligence, Data Science, Machine Learning",Theory Focused,Long (3+ months)
Student_62,25,Intermediate,"Cloud Computing, Cybersecurity, IoT",Interactive,Medium (1-3 months)
Student_63,24,Intermediate,"Data Science, Machine Learning",Interactive,Long (3+ months)
Student_64,18,Intermediate,"App Development, Web Development, Cloud Computing",Video Courses,Medium (1-3 months)
Student_65,22,Advanced,"IoT, Cloud Computing, Cybersecurity",Project Based,Long (3+ months)
Student_66,28,Beginner,"Web Development, Cloud Computing",Project Based,Short (< 4 weeks)
Student_67,21,Beginner,"Cloud Computing, Web Development, App Development",Video Courses,Medium (1-3 months)
Student_68,20,Intermediate,"Machine Learning, Data Science",Theory Focused,Long (3+ months)
Student_69,24,Intermediate,"Cybersecurity, IoT",Project Based,Long (3+ months)
Student_70,27,Intermediate,"Data Science, Machine Learning, Artificial Intelligence",Interactive,Long (3+ months)
Student_71,24,Advanced,"Machine Learning, Data Science",Project Based,Medium (1-3 months)
Student_72,20,Advanced,"Cloud Computing, Cybersecurity, IoT",Interactive,Medium (1-3 months)
Student_73,22,Advanced,"Machine Learning, Data Science",Project Based,Medium (1-3 months)
Student_74,23,Intermediate,"IoT, Cloud Computing, Cybersecurity",Interactive,Long (3+ months)
Student_75,26,Intermediate,"Data Science, Artificial Intelligence",Interactive,Long (3+ months)
Student_76,25,Intermediate,"Web Development, Cloud Computing, App Development",Project Based,Medium (1-3 months)
Student_77,22,Intermediate,"Cloud Computing, App Development, Web Development",Video Courses,Medium (1-3 months)
Student_78,22,Advanced,"IoT, Cybersecurity, Cloud Computing",Interactive,Medium (1-3 months)
Student_79,21,Beginner,"App Development, Cloud Computing, Web Development",Project Based,Medium (1-3 months)
Student_80,23,Beginner,"Web Development, Cloud Computing, App Development",Project Based,Short (< 4 weeks)
Student_81,20,Advanced,"Data Science, Machine Learning",Interactive,Long (3+ months)
Student_82,23,Intermediate,"Cloud Computing, Cybersecurity",Project Based,Medium (1-3 months)
Student_83,25,Intermediate,"IoT, Cybersecurity",Interactive,Medium (1-3 months)
Student_84,19,Intermediate,"Cloud Computing, App Development",Video Courses,Medium (1-3 months)
Student_85,27,Advanced,"Artificial Intelligence, Data Science, Machine Learning",Theory Focused,Medium (1-3 months)
Student_86,28,Intermediate,"Data Science, Artificial Intelligence",Theory Focused,Medium (1-3 months)
Student_87,24,Advanced,"Machine Learning, Artificial Intelligence, Data Science",Project Based,Long (3+ months)
Student_88,19,Intermediate,"Cybersecurity, IoT, Cloud Computing",Project Based,Medium (1-3 months)
Student_89,22,Beginner,"Web Development, Cloud Computing",Video Courses,Medium (1-3 months)
Student_90,19,Advanced,"Cybersecurity, Cloud Computing, IoT",Interactive,Long (3+ months)
Student_91,27,Intermediate,"Data Science, Machine Learning, Artificial Intelligence",Interactive,Medium (1-3 months)
Student_92,28,Beginner,"Cloud Computing, Web Development, App Development",Video Courses,Medium (1-3 months)
Student_93,20,Advanced,"Data Science, Machine Learning, Artificial Intelligence",Interactive,Long (3+ months)
Student_94,28,Intermediate,"Machine Learning, Artificial Intelligence",Interactive,Long (3+ months)
Student_95,26,Intermediate,"IoT, Cloud Computing, Cybersecurity",Interactive,Medium (1-3 months)
Student_96,26,Intermediate,"Cloud Computing, IoT, Cybersecurity",Interactive,Long (3+ months)
Student_97,18,Intermediate,"Cybersecurity, IoT, Cloud Computing",Interactive,Long (3+ months)
Student_98,18,Intermediate,"Machine Learning, Artificial Intelligence",Project Based,Medium (1-3 months)
Student_99,19,Intermediate,"Cloud Computing, Web Development",Video Courses,Medium (1-3 months)
Student_100,24,Advanced,"Data Science, Machine Learning, Artificial Intelligence",Interactive,Medium (1-3 months)
Student_101,19,Intermediate,"App Development, Cloud Computing, Web Development",Video Courses,Medium (1-3 months)
Student_102,20,Advanced,"Cloud Computing, Cybersecurity, IoT",Interactive,Long (3+ months)
Student_103,21,Intermediate,"App Development, Web Development",Video Courses,Medium (1-3 months)
Student_104,24,Intermediate,"IoT, Cybersecurity, Cloud Computing",Project Based,Long (3+ months)
Student_105,26,Advanced,"Data Science, Artificial Intelligence",Project Based,Medium (1-3 months)
Student_106,25,Advanced,"Data Science, Machine Learning, Artificial Intelligence",Project Based,Long (3+ months)
Student_107,28,Advanced,"Artificial Intelligence, Data Science",Theory Focused,Long (3+ months)
Student_108,19,Intermediate,"Cloud Computing, Web Development",Video Courses,Short (< 4 weeks)
Student_109,18,Intermediate,"Data Science, Machine Learning, Artificial Intelligence",Interactive,Long (3+ months)
Student_110,21,Intermediate,"Web Development, Cloud Computing",Project Based,Medium (1-3 months)
Student_111,25,Beginner,"App Development, Cloud Computing",Video Courses,Medium (1-3 months)
Student_112,25,Advanced,"Artificial Intelligence, Machine Learning",Project Based,Long (3+ months)
Student_113,22,Advanced,"IoT, Cloud Computing, Cybersecurity",Project Based,Medium (1-3 months)
Student_114,27,Advanced,"Cybersecurity, Cloud Computing, IoT",Interactive,Long (3+ months)
Student_115,27,Intermediate,"Machine Learning, Artificial Intelligence, Data Science",Interactive,Medium (1-3 months)
Student_116,28,Intermediate,"Artificial Intelligence, Data Science",Interactive,Long (3+ months)
Student_117,27,Advanced,"Artificial Intelligence, Machine Learning",Project Based,Long (3+ months)
Student_118,21,Beginner,"Cloud Computing, App Development, Web Development",Video Courses,Medium (1-3 months)
Student_119,23,Intermediate,"Data Science, Artificial Intelligence, Machine Learning",Interactive,Long (3+ months)
Student_120,24,Intermediate,"Data Science, Artificial Intelligence, Machine Learning",Project Based,Long (3+ months)
Student_121,28,Advanced,"Cybersecurity, IoT",Interactive,Medium (1-3 months)
Student_122,27,Intermediate,"Artificial Intelligence, Machine Learning",Interactive,Long (3+ months)
Student_123,20,Intermediate,"Machine Learning, Data Science",Interactive,Medium (1-3 months)
Student_124,26,Beginner,"App Development, Cloud Computing, Web Development",Project Based,Medium (1-3 months)
Student_125,25,Advanced,"Artificial Intelligence, Machine Learning, Data Science",Project Based,Long (3+ months)
Student_126,23,Beginner,"Cloud Computing, App Development, Web Development",Video Courses,Medium (1-3 months)
Student_127,19,Intermediate,"Cloud Computing, Web Development",Project Based,Short (< 4 weeks)
Student_128,21,Intermediate,"Data Science, Artificial Intelligence",Theory Focused,Medium (1-3 months)
Student_129,20,Intermediate,"Data Science, Artificial Intelligence, Machine Learning",Theory Focused,Medium (1-3 months)
Student_130,20,Intermediate,"Artificial Intelligence, Machine Learning, Data Science",Interactive,Long (3+ months)
Student_131,20,Advanced,"Data Science, Artificial Intelligence",Project Based,Long (3+ months)
Student_132,26,Intermediate,"Artificial Intelligence, Data Science, Machine Learning",Interactive,Long (3+ months)
Student_133,18,Advanced,"Machine Learning, Artificial Intelligence, Data Science",Project Based,Medium (1-3 months)
Student_134,23,Intermediate,"Artificial Intelligence, Machine Learning",Project Based,Long (3+ months)
Student_135,25,Advanced,"Artificial Intelligence, Data Science",Theory Focused,Long (3+ months)
Student_136,21,Advanced,"Cloud Computing, Cybersecurity, IoT",Project Based,Long (3+ months)
Student_137,23,Advanced,"IoT, Cloud Computing, Cybersecurity",Project Based,Medium (1-3 months)
Student_138,24,Intermediate,"Artificial Intelligence, Data Science, Machine Learning",Interactive,Long (3+ months)
Student_139,28,Advanced,"Machine Learning, Artificial Intelligence",Interactive,Medium (1-3 months)
Student_140,20,Intermediate,"Web Development, App Development",Video Courses,Short (< 4 weeks)
Student_141,27,Intermediate,"Artificial Intelligence, Data Science, Machine Learning",Theory Focused,Medium (1-3 months)
Student_142,22,Advanced,"Data Science, Artificial Intelligence, Machine Learning",Interactive,Medium (1-3 months)
Student_143,28,Beginner,"Cloud Computing, Web Development",Video Courses,Medium (1-3 months)
Student_144,23,Intermediate,"Cloud Computing, Cybersecurity, IoT",Project Based,Medium (1-3 months)
Student_145,27,Beginner,"App Development, Cloud Computing",Video Courses,Medium (1-3 months)
Student_146,24,Advanced,"Cybersecurity, IoT",Interactive,Long (3+ months)
Student_147,22,Advanced,"Artificial Intelligence, Data Science, Machine Learning",Interactive,Medium (1-3 months)
Student_148,22,Beginner,"App Development, Cloud Computing",Video Courses,Short (< 4 weeks)
Student_149,25,Advanced,"Artificial Intelligence, Machine Learning",Interactive,Long (3+ months)
Student_150,24,Intermediate,"Artificial Intelligence, Machine Learning, Data Science",Project Based,Long (3+ months)
Student_151,28,Advanced,"IoT, Cloud Computing, Cybersecurity",Interactive,Medium (1-3 months)
Student_152,23,Intermediate,"IoT, Cybersecurity, Cloud Computing",Interactive,Medium (1-3 months)
Student_153,22,Advanced,"Cloud Computing, IoT",Project Based,Medium (1-3 months)
Student_154,23,Intermediate,"Web Development, Cloud Computing",Project Based,Medium (1-3 months)
Student_155,20,Beginner,"Web Development, App Development",Video Courses,Medium (1-3 months)
Student_156,28,Advanced,"Machine Learning, Data Science",Interactive,Long (3+ months)
Student_157,22,Intermediate,"Artificial Intelligence, Data Science, Machine Learning",Interactive,Long (3+ months)
Student_158,18,Advanced,"Artificial Intelligence, Data Science, Machine Learning",Project Based,Medium (1-3 months)
Student_159,27,Intermediate,"Cybersecurity, Cloud Computing, IoT",Project Based,Long (3+ months)
Student_160,23,Intermediate,"Artificial Intelligence, Data Science",Project Based,Long (3+ months)
Student_161,23,Intermediate,"App Development, Cloud Computing, Web Development",Project Based,Medium (1-3 months)
Student_162,23,Intermediate,"Machine Learning, Data Science, Artificial Intelligence",Project Based,Medium (1-3 months)
Student_163,23,Intermediate,"Web Development, Cloud Computing, App Development",Video Courses,Medium (1-3 months)
Student_164,28,Beginner,"Cloud Computing, App Development, Web Development",Video Courses,Medium (1-3 months)
Student_165,21,Intermediate,"Web Development, Cloud Computing, App Development",Project Based,Short (< 4 weeks)
Student_166,19,Intermediate,"Artificial Intelligence, Data Science, Machine Learning",Theory Focused,Medium (1-3 months)
Student_167,27,Beginner,"Web Development, App Development, Cloud Computing",Project Based,Medium (1-3 months)
Student_168,25,Intermediate,"Machine Learning, Artificial Intelligence",Theory Focused,Long (3+ months)
Student_169,25,Advanced,"Cybersecurity, Cloud Computing, IoT",Project Based,Medium (1-3 months)
Student_170,18,Advanced,"Artificial Intelligence, Data Science, Machine Learning",Interactive,Medium (1-3 months)
Student_171,22,Intermediate,"App Development, Web Development",Project Based,Medium (1-3 months)
Student_172,18,Advanced,"Machine Learning, Artificial Intelligence",Theory Focused,Long (3+ months)
Student_173,23,Intermediate,"Machine Learning, Artificial Intelligence",Project Based,Medium (1-3 months)
Student_174,18,Intermediate,"Cloud Computing, Web Development, App Development",Video Courses,Short (< 4 weeks)
Student_175,18,Advanced,"Artificial Intelligence, Machine Learning",Interactive,Long (3+ months)
Student_176,22,Beginner,"Web Development, App Development",Video Courses,Short (< 4 weeks)
Student_177,25,Intermediate,"Data Science, Artificial Intelligence",Project Based,Long (3+ months)
Student_178,27,Advanced,"Data Science, Machine Learning",Interactive,Medium (1-3 months)
Student_179,19,Intermediate,"Machine Learning, Data Science, Artificial Intelligence",Interactive,Long (3+ months)
Student_180,23,Intermediate,"Artificial Intelligence, Data Science, Machine Learning",Interactive,Medium (1-3 months)
Student_181,26,Advanced,"Artificial Intelligence, Machine Learning",Interactive,Medium (1-3 months)
Student_182,19,Intermediate,"App Development, Web Development",Project Based,Short (< 4 weeks)
Student_183,23,Advanced,"Data Science, Machine Learning, Artificial Intelligence",Interactive,Medium (1-3 months)
Student_184,23,Intermediate,"Machine Learning, Data Science, Artificial Intelligence",Interactive,Long (3+ months)
Student_185,24,Advanced,"Cloud Computing, Cybersecurity",Interactive,Long (3+ months)
Student_186,24,Intermediate,"Data Science, Artificial Intelligence, Machine Learning",Project Based,Medium (1-3 months)
Student_187,23,Advanced,"Machine Learning, Data Science, Artificial Intelligence",Project Based,Long (3+ months)
Student_188,18,Advanced,"Cloud Computing, IoT, Cybersecurity",Interactive,Long (3+ months)
Student_189,18,Beginner,"Web Development, Cloud Computing, App Development",Project Based,Medium (1-3 months)
Student_190,24,Intermediate,"Artificial Intelligence, Machine Learning",Interactive,Long (3+ months)
Student_191,19,Intermediate,"Cloud Computing, Cybersecurity, IoT",Project Based,Medium (1-3 months)
Student_192,20,Advanced,"Data Science, Artificial Intelligence, Machine Learning",Project Based,Long (3+ months)
Student_193,27,Intermediate,"Web Development, Cloud Computing, App Development",Project Based,Medium (1-3 months)
Student_194,25,Beginner,"Cloud Computing, App Development, Web Development",Video Courses,Medium (1-3 months)
Student_195,28,Beginner,"Cloud Computing, Web Development, App Development",Project Based,Short (< 4 weeks)
Student_196,25,Beginner,"Cloud Computing, App Development, Web Development",Project Based,Short (< 4 weeks)
Student_197,22,Advanced,"Data Science, Machine Learning, Artificial Intelligence",Interactive,Medium (1-3 months)
Student_198,28,Intermediate,"Machine Learning, Artificial Intelligence, Data Science",Theory Focused,Medium (1-3 months)
Student_199,26,Intermediate,"Cybersecurity, IoT",Interactive,Medium (1-3 months)
Student_200,23,Beginner,"Cloud Computing, App Development, Web Development",Video Courses,Short (< 4 weeks)
